[
    {
        "title": "Humans",
        "thumbnail": "https://dek8oqj8xxsl6.cloudfront.net/img/humans/silhouettes/silhouette_1.svg",
        "category": [
            {
                "title": "Professions",
                "thumbnail": "https://dek8oqj8xxsl6.cloudfront.net/img/humans/professions/chef.svg",
                "designs": [
                    {
                        "title": "Chef",
                        "source": "https://dek8oqj8xxsl6.cloudfront.net/img/humans/professions/chef.svg",
                        "parameters": {"price": 1.5},
                        "thumbnail": "https://dek8oqj8xxsl6.cloudfront.net/img/humans/professions/chef.svg"
                    },
                    {
                        "title": "Construction Worker",
                        "source": "https://dek8oqj8xxsl6.cloudfront.net/img/humans/professions/construction_worker.svg",
                        "parameters": {},
                        "thumbnail": "https://dek8oqj8xxsl6.cloudfront.net/img/humans/professions/construction_worker.svg"
                    },
                    {
                        "title": "Farmer",
                        "source": "https://dek8oqj8xxsl6.cloudfront.net/img/humans/professions/farmer.svg",
                        "parameters": {},
                        "thumbnail": "https://dek8oqj8xxsl6.cloudfront.net/img/humans/professions/farmer.svg"
                    },
                    {
                        "title": "Fireman",
                        "source": "https://dek8oqj8xxsl6.cloudfront.net/img/humans/professions/fireman.svg",
                        "parameters": {},
                        "thumbnail": "https://dek8oqj8xxsl6.cloudfront.net/img/humans/professions/fireman.svg"
                    },
                    {
                        "title": "Nurse",
                        "source": "https://dek8oqj8xxsl6.cloudfront.net/img/humans/professions/nurse.svg",
                        "parameters": {},
                        "thumbnail": "https://dek8oqj8xxsl6.cloudfront.net/img/humans/professions/nurse.svg"
                    },
                    {
                        "title": "Policeman",
                        "source": "https://dek8oqj8xxsl6.cloudfront.net/img/humans/professions/policeman.svg",
                        "parameters": {},
                        "thumbnail": "https://dek8oqj8xxsl6.cloudfront.net/img/humans/professions/policeman.svg"
                    },
                    {
                        "title": "Professor",
                        "source": "https://dek8oqj8xxsl6.cloudfront.net/img/humans/professions/professor.svg",
                        "parameters": {},
                        "thumbnail": "https://dek8oqj8xxsl6.cloudfront.net/img/humans/professions/professor.svg"
                    },
                    {
                        "title": "Teacher",
                        "source": "https://dek8oqj8xxsl6.cloudfront.net/img/humans/professions/teacher.svg",
                        "parameters": {},
                        "thumbnail": "https://dek8oqj8xxsl6.cloudfront.net/img/humans/professions/teacher.svg"
                    },
                    {
                        "title": "Waiter",
                        "source": "https://dek8oqj8xxsl6.cloudfront.net/img/humans/professions/waiter.svg",
                        "parameters": {},
                        "thumbnail": "https://dek8oqj8xxsl6.cloudfront.net/img/humans/professions/waiter.svg"
                    }
                ]
            },
            {
                "title": "Silhouettes",
                "thumbnail": "https://dek8oqj8xxsl6.cloudfront.net/img/humans/silhouettes/silhouette_1.svg",
                "designs": [
                    {
                        "title": "Silhouette 1",
                        "source": "https://dek8oqj8xxsl6.cloudfront.net/img/humans/silhouettes/silhouette_1.svg",
                        "parameters": {},
                        "thumbnail": "https://dek8oqj8xxsl6.cloudfront.net/img/humans/silhouettes/silhouette_1.svg"
                    },
                    {
                        "title": "Silhouette 10",
                        "source": "https://dek8oqj8xxsl6.cloudfront.net/img/humans/silhouettes/silhouette_10.svg",
                        "parameters": {},
                        "thumbnail": "https://dek8oqj8xxsl6.cloudfront.net/img/humans/silhouettes/silhouette_10.svg"
                    },
                    {
                        "title": "Silhouette 11",
                        "source": "https://dek8oqj8xxsl6.cloudfront.net/img/humans/silhouettes/silhouette_11.svg",
                        "parameters": {},
                        "thumbnail": "https://dek8oqj8xxsl6.cloudfront.net/img/humans/silhouettes/silhouette_11.svg"
                    },
                    {
                        "title": "Silhouette 12",
                        "source": "https://dek8oqj8xxsl6.cloudfront.net/img/humans/silhouettes/silhouette_12.svg",
                        "parameters": {},
                        "thumbnail": "https://dek8oqj8xxsl6.cloudfront.net/img/humans/silhouettes/silhouette_12.svg"
                    },
                    {
                        "title": "Silhouette 13",
                        "source": "https://dek8oqj8xxsl6.cloudfront.net/img/humans/silhouettes/silhouette_13.svg",
                        "parameters": {},
                        "thumbnail": "https://dek8oqj8xxsl6.cloudfront.net/img/humans/silhouettes/silhouette_13.svg"
                    },
                    {
                        "title": "Silhouette 14",
                        "source": "https://dek8oqj8xxsl6.cloudfront.net/img/humans/silhouettes/silhouette_14.svg",
                        "parameters": {},
                        "thumbnail": "https://dek8oqj8xxsl6.cloudfront.net/img/humans/silhouettes/silhouette_14.svg"
                    },
                    {
                        "title": "Silhouette 15",
                        "source": "https://dek8oqj8xxsl6.cloudfront.net/img/humans/silhouettes/silhouette_15.svg",
                        "parameters": {},
                        "thumbnail": "https://dek8oqj8xxsl6.cloudfront.net/img/humans/silhouettes/silhouette_15.svg"
                    },
                    {
                        "title": "Silhouette 16",
                        "source": "https://dek8oqj8xxsl6.cloudfront.net/img/humans/silhouettes/silhouette_16.svg",
                        "parameters": {},
                        "thumbnail": "https://dek8oqj8xxsl6.cloudfront.net/img/humans/silhouettes/silhouette_16.svg"
                    },
                    {
                        "title": "Silhouette 17",
                        "source": "https://dek8oqj8xxsl6.cloudfront.net/img/humans/silhouettes/silhouette_17.svg",
                        "parameters": {},
                        "thumbnail": "https://dek8oqj8xxsl6.cloudfront.net/img/humans/silhouettes/silhouette_17.svg"
                    },
                    {
                        "title": "Silhouette 18",
                        "source": "https://dek8oqj8xxsl6.cloudfront.net/img/humans/silhouettes/silhouette_18.svg",
                        "parameters": {},
                        "thumbnail": "https://dek8oqj8xxsl6.cloudfront.net/img/humans/silhouettes/silhouette_18.svg"
                    },
                    {
                        "title": "Silhouette 19",
                        "source": "https://dek8oqj8xxsl6.cloudfront.net/img/humans/silhouettes/silhouette_19.svg",
                        "parameters": {},
                        "thumbnail": "https://dek8oqj8xxsl6.cloudfront.net/img/humans/silhouettes/silhouette_19.svg"
                    },
                    {
                        "title": "Silhouette 2",
                        "source": "https://dek8oqj8xxsl6.cloudfront.net/img/humans/silhouettes/silhouette_2.svg",
                        "parameters": {},
                        "thumbnail": "https://dek8oqj8xxsl6.cloudfront.net/img/humans/silhouettes/silhouette_2.svg"
                    },
                    {
                        "title": "Silhouette 20",
                        "source": "https://dek8oqj8xxsl6.cloudfront.net/img/humans/silhouettes/silhouette_20.svg",
                        "parameters": {},
                        "thumbnail": "https://dek8oqj8xxsl6.cloudfront.net/img/humans/silhouettes/silhouette_20.svg"
                    },
                    {
                        "title": "Silhouette 21",
                        "source": "https://dek8oqj8xxsl6.cloudfront.net/img/humans/silhouettes/silhouette_21.svg",
                        "parameters": {},
                        "thumbnail": "https://dek8oqj8xxsl6.cloudfront.net/img/humans/silhouettes/silhouette_21.svg"
                    },
                    {
                        "title": "Silhouette 22",
                        "source": "https://dek8oqj8xxsl6.cloudfront.net/img/humans/silhouettes/silhouette_22.svg",
                        "parameters": {},
                        "thumbnail": "https://dek8oqj8xxsl6.cloudfront.net/img/humans/silhouettes/silhouette_22.svg"
                    },
                    {
                        "title": "Silhouette 23",
                        "source": "https://dek8oqj8xxsl6.cloudfront.net/img/humans/silhouettes/silhouette_23.svg",
                        "parameters": {},
                        "thumbnail": "https://dek8oqj8xxsl6.cloudfront.net/img/humans/silhouettes/silhouette_23.svg"
                    },
                    {
                        "title": "Silhouette 24",
                        "source": "https://dek8oqj8xxsl6.cloudfront.net/img/humans/silhouettes/silhouette_24.svg",
                        "parameters": {},
                        "thumbnail": "https://dek8oqj8xxsl6.cloudfront.net/img/humans/silhouettes/silhouette_24.svg"
                    },
                    {
                        "title": "Silhouette 25",
                        "source": "https://dek8oqj8xxsl6.cloudfront.net/img/humans/silhouettes/silhouette_25.svg",
                        "parameters": {},
                        "thumbnail": "https://dek8oqj8xxsl6.cloudfront.net/img/humans/silhouettes/silhouette_25.svg"
                    },
                    {
                        "title": "Silhouette 26",
                        "source": "https://dek8oqj8xxsl6.cloudfront.net/img/humans/silhouettes/silhouette_26.svg",
                        "parameters": {},
                        "thumbnail": "https://dek8oqj8xxsl6.cloudfront.net/img/humans/silhouettes/silhouette_26.svg"
                    },
                    {
                        "title": "Silhouette 27",
                        "source": "https://dek8oqj8xxsl6.cloudfront.net/img/humans/silhouettes/silhouette_27.svg",
                        "parameters": {},
                        "thumbnail": "https://dek8oqj8xxsl6.cloudfront.net/img/humans/silhouettes/silhouette_27.svg"
                    },
                    {
                        "title": "Silhouette 28",
                        "source": "https://dek8oqj8xxsl6.cloudfront.net/img/humans/silhouettes/silhouette_28.svg",
                        "parameters": {},
                        "thumbnail": "https://dek8oqj8xxsl6.cloudfront.net/img/humans/silhouettes/silhouette_28.svg"
                    },
                    {
                        "title": "Silhouette 29",
                        "source": "https://dek8oqj8xxsl6.cloudfront.net/img/humans/silhouettes/silhouette_29.svg",
                        "parameters": {},
                        "thumbnail": "https://dek8oqj8xxsl6.cloudfront.net/img/humans/silhouettes/silhouette_29.svg"
                    },
                    {
                        "title": "Silhouette 3",
                        "source": "https://dek8oqj8xxsl6.cloudfront.net/img/humans/silhouettes/silhouette_3.svg",
                        "parameters": {},
                        "thumbnail": "https://dek8oqj8xxsl6.cloudfront.net/img/humans/silhouettes/silhouette_3.svg"
                    },
                    {
                        "title": "Silhouette 30",
                        "source": "https://dek8oqj8xxsl6.cloudfront.net/img/humans/silhouettes/silhouette_30.svg",
                        "parameters": {},
                        "thumbnail": "https://dek8oqj8xxsl6.cloudfront.net/img/humans/silhouettes/silhouette_30.svg"
                    },
                    {
                        "title": "Silhouette 31",
                        "source": "https://dek8oqj8xxsl6.cloudfront.net/img/humans/silhouettes/silhouette_31.svg",
                        "parameters": {},
                        "thumbnail": "https://dek8oqj8xxsl6.cloudfront.net/img/humans/silhouettes/silhouette_31.svg"
                    },
                    {
                        "title": "Silhouette 32",
                        "source": "https://dek8oqj8xxsl6.cloudfront.net/img/humans/silhouettes/silhouette_32.svg",
                        "parameters": {},
                        "thumbnail": "https://dek8oqj8xxsl6.cloudfront.net/img/humans/silhouettes/silhouette_32.svg"
                    },
                    {
                        "title": "Silhouette 33",
                        "source": "https://dek8oqj8xxsl6.cloudfront.net/img/humans/silhouettes/silhouette_33.svg",
                        "parameters": {},
                        "thumbnail": "https://dek8oqj8xxsl6.cloudfront.net/img/humans/silhouettes/silhouette_33.svg"
                    },
                    {
                        "title": "Silhouette 34",
                        "source": "https://dek8oqj8xxsl6.cloudfront.net/img/humans/silhouettes/silhouette_34.svg",
                        "parameters": {},
                        "thumbnail": "https://dek8oqj8xxsl6.cloudfront.net/img/humans/silhouettes/silhouette_34.svg"
                    },
                    {
                        "title": "Silhouette 35",
                        "source": "https://dek8oqj8xxsl6.cloudfront.net/img/humans/silhouettes/silhouette_35.svg",
                        "parameters": {},
                        "thumbnail": "https://dek8oqj8xxsl6.cloudfront.net/img/humans/silhouettes/silhouette_35.svg"
                    },
                    {
                        "title": "Silhouette 36",
                        "source": "https://dek8oqj8xxsl6.cloudfront.net/img/humans/silhouettes/silhouette_36.svg",
                        "parameters": {},
                        "thumbnail": "https://dek8oqj8xxsl6.cloudfront.net/img/humans/silhouettes/silhouette_36.svg"
                    },
                    {
                        "title": "Silhouette 37",
                        "source": "https://dek8oqj8xxsl6.cloudfront.net/img/humans/silhouettes/silhouette_37.svg",
                        "parameters": {},
                        "thumbnail": "https://dek8oqj8xxsl6.cloudfront.net/img/humans/silhouettes/silhouette_37.svg"
                    },
                    {
                        "title": "Silhouette 38",
                        "source": "https://dek8oqj8xxsl6.cloudfront.net/img/humans/silhouettes/silhouette_38.svg",
                        "parameters": {},
                        "thumbnail": "https://dek8oqj8xxsl6.cloudfront.net/img/humans/silhouettes/silhouette_38.svg"
                    },
                    {
                        "title": "Silhouette 39",
                        "source": "https://dek8oqj8xxsl6.cloudfront.net/img/humans/silhouettes/silhouette_39.svg",
                        "parameters": {},
                        "thumbnail": "https://dek8oqj8xxsl6.cloudfront.net/img/humans/silhouettes/silhouette_39.svg"
                    },
                    {
                        "title": "Silhouette 4",
                        "source": "https://dek8oqj8xxsl6.cloudfront.net/img/humans/silhouettes/silhouette_4.svg",
                        "parameters": {},
                        "thumbnail": "https://dek8oqj8xxsl6.cloudfront.net/img/humans/silhouettes/silhouette_4.svg"
                    },
                    {
                        "title": "Silhouette 40",
                        "source": "https://dek8oqj8xxsl6.cloudfront.net/img/humans/silhouettes/silhouette_40.svg",
                        "parameters": {},
                        "thumbnail": "https://dek8oqj8xxsl6.cloudfront.net/img/humans/silhouettes/silhouette_40.svg"
                    },
                    {
                        "title": "Silhouette 41",
                        "source": "https://dek8oqj8xxsl6.cloudfront.net/img/humans/silhouettes/silhouette_41.svg",
                        "parameters": {},
                        "thumbnail": "https://dek8oqj8xxsl6.cloudfront.net/img/humans/silhouettes/silhouette_41.svg"
                    },
                    {
                        "title": "Silhouette 42",
                        "source": "https://dek8oqj8xxsl6.cloudfront.net/img/humans/silhouettes/silhouette_42.svg",
                        "parameters": {},
                        "thumbnail": "https://dek8oqj8xxsl6.cloudfront.net/img/humans/silhouettes/silhouette_42.svg"
                    },
                    {
                        "title": "Silhouette 43",
                        "source": "https://dek8oqj8xxsl6.cloudfront.net/img/humans/silhouettes/silhouette_43.svg",
                        "parameters": {},
                        "thumbnail": "https://dek8oqj8xxsl6.cloudfront.net/img/humans/silhouettes/silhouette_43.svg"
                    },
                    {
                        "title": "Silhouette 44",
                        "source": "https://dek8oqj8xxsl6.cloudfront.net/img/humans/silhouettes/silhouette_44.svg",
                        "parameters": {},
                        "thumbnail": "https://dek8oqj8xxsl6.cloudfront.net/img/humans/silhouettes/silhouette_44.svg"
                    },
                    {
                        "title": "Silhouette 45",
                        "source": "https://dek8oqj8xxsl6.cloudfront.net/img/humans/silhouettes/silhouette_45.svg",
                        "parameters": {},
                        "thumbnail": "https://dek8oqj8xxsl6.cloudfront.net/img/humans/silhouettes/silhouette_45.svg"
                    },
                    {
                        "title": "Silhouette 46",
                        "source": "https://dek8oqj8xxsl6.cloudfront.net/img/humans/silhouettes/silhouette_46.svg",
                        "parameters": {},
                        "thumbnail": "https://dek8oqj8xxsl6.cloudfront.net/img/humans/silhouettes/silhouette_46.svg"
                    },
                    {
                        "title": "Silhouette 47",
                        "source": "https://dek8oqj8xxsl6.cloudfront.net/img/humans/silhouettes/silhouette_47.svg",
                        "parameters": {},
                        "thumbnail": "https://dek8oqj8xxsl6.cloudfront.net/img/humans/silhouettes/silhouette_47.svg"
                    },
                    {
                        "title": "Silhouette 48",
                        "source": "https://dek8oqj8xxsl6.cloudfront.net/img/humans/silhouettes/silhouette_48.svg",
                        "parameters": {},
                        "thumbnail": "https://dek8oqj8xxsl6.cloudfront.net/img/humans/silhouettes/silhouette_48.svg"
                    },
                    {
                        "title": "Silhouette 49",
                        "source": "https://dek8oqj8xxsl6.cloudfront.net/img/humans/silhouettes/silhouette_49.svg",
                        "parameters": {},
                        "thumbnail": "https://dek8oqj8xxsl6.cloudfront.net/img/humans/silhouettes/silhouette_49.svg"
                    },
                    {
                        "title": "Silhouette 5",
                        "source": "https://dek8oqj8xxsl6.cloudfront.net/img/humans/silhouettes/silhouette_5.svg",
                        "parameters": {},
                        "thumbnail": "https://dek8oqj8xxsl6.cloudfront.net/img/humans/silhouettes/silhouette_5.svg"
                    },
                    {
                        "title": "Silhouette 50",
                        "source": "https://dek8oqj8xxsl6.cloudfront.net/img/humans/silhouettes/silhouette_50.svg",
                        "parameters": {},
                        "thumbnail": "https://dek8oqj8xxsl6.cloudfront.net/img/humans/silhouettes/silhouette_50.svg"
                    },
                    {
                        "title": "Silhouette 51",
                        "source": "https://dek8oqj8xxsl6.cloudfront.net/img/humans/silhouettes/silhouette_51.svg",
                        "parameters": {},
                        "thumbnail": "https://dek8oqj8xxsl6.cloudfront.net/img/humans/silhouettes/silhouette_51.svg"
                    },
                    {
                        "title": "Silhouette 52",
                        "source": "https://dek8oqj8xxsl6.cloudfront.net/img/humans/silhouettes/silhouette_52.svg",
                        "parameters": {},
                        "thumbnail": "https://dek8oqj8xxsl6.cloudfront.net/img/humans/silhouettes/silhouette_52.svg"
                    },
                    {
                        "title": "Silhouette 53",
                        "source": "https://dek8oqj8xxsl6.cloudfront.net/img/humans/silhouettes/silhouette_53.svg",
                        "parameters": {},
                        "thumbnail": "https://dek8oqj8xxsl6.cloudfront.net/img/humans/silhouettes/silhouette_53.svg"
                    },
                    {
                        "title": "Silhouette 54",
                        "source": "https://dek8oqj8xxsl6.cloudfront.net/img/humans/silhouettes/silhouette_54.svg",
                        "parameters": {},
                        "thumbnail": "https://dek8oqj8xxsl6.cloudfront.net/img/humans/silhouettes/silhouette_54.svg"
                    },
                    {
                        "title": "Silhouette 6",
                        "source": "https://dek8oqj8xxsl6.cloudfront.net/img/humans/silhouettes/silhouette_6.svg",
                        "parameters": {},
                        "thumbnail": "https://dek8oqj8xxsl6.cloudfront.net/img/humans/silhouettes/silhouette_6.svg"
                    },
                    {
                        "title": "Silhouette 7",
                        "source": "https://dek8oqj8xxsl6.cloudfront.net/img/humans/silhouettes/silhouette_7.svg",
                        "parameters": {},
                        "thumbnail": "https://dek8oqj8xxsl6.cloudfront.net/img/humans/silhouettes/silhouette_7.svg"
                    },
                    {
                        "title": "Silhouette 8",
                        "source": "https://dek8oqj8xxsl6.cloudfront.net/img/humans/silhouettes/silhouette_8.svg",
                        "parameters": {},
                        "thumbnail": "https://dek8oqj8xxsl6.cloudfront.net/img/humans/silhouettes/silhouette_8.svg"
                    },
                    {
                        "title": "Silhouette 9",
                        "source": "https://dek8oqj8xxsl6.cloudfront.net/img/humans/silhouettes/silhouette_9.svg",
                        "parameters": {},
                        "thumbnail": "https://dek8oqj8xxsl6.cloudfront.net/img/humans/silhouettes/silhouette_9.svg"
                    }
                ]
            }
        ]
    },
    {
        "title": "Love",
        "thumbnail": "https://dek8oqj8xxsl6.cloudfront.net/img/love/symbols/be_mine_happy_valentine.svg",
        "designs": [
            {
                "title": "Be Mine Happy Valentine",
                "source": "https://dek8oqj8xxsl6.cloudfront.net/img/love/symbols/be_mine_happy_valentine.svg",
                "parameters": {},
                "thumbnail": "https://dek8oqj8xxsl6.cloudfront.net/img/love/symbols/be_mine_happy_valentine.svg"
            },
            {
                "title": "Be My Valetine",
                "source": "https://dek8oqj8xxsl6.cloudfront.net/img/love/symbols/be_my_valetine.svg",
                "parameters": {},
                "thumbnail": "https://dek8oqj8xxsl6.cloudfront.net/img/love/symbols/be_my_valetine.svg"
            },
            {
                "title": "Heart",
                "source": "https://dek8oqj8xxsl6.cloudfront.net/img/love/symbols/heart.svg",
                "parameters": {},
                "thumbnail": "https://dek8oqj8xxsl6.cloudfront.net/img/love/symbols/heart.svg"
            },
            {
                "title": "Heart 2",
                "source": "https://dek8oqj8xxsl6.cloudfront.net/img/love/symbols/heart_2.svg",
                "parameters": {},
                "thumbnail": "https://dek8oqj8xxsl6.cloudfront.net/img/love/symbols/heart_2.svg"
            },
            {
                "title": "Heart 3",
                "source": "https://dek8oqj8xxsl6.cloudfront.net/img/love/symbols/heart_3.svg",
                "parameters": {},
                "thumbnail": "https://dek8oqj8xxsl6.cloudfront.net/img/love/symbols/heart_3.svg"
            },
            {
                "title": "Heart 4",
                "source": "https://dek8oqj8xxsl6.cloudfront.net/img/love/symbols/heart_4.svg",
                "parameters": {},
                "thumbnail": "https://dek8oqj8xxsl6.cloudfront.net/img/love/symbols/heart_4.svg"
            },
            {
                "title": "Love Flowers",
                "source": "https://dek8oqj8xxsl6.cloudfront.net/img/love/symbols/love_flowers.svg",
                "parameters": {},
                "thumbnail": "https://dek8oqj8xxsl6.cloudfront.net/img/love/symbols/love_flowers.svg"
            },
            {
                "title": "Love Heart",
                "source": "https://dek8oqj8xxsl6.cloudfront.net/img/love/symbols/love_heart.svg",
                "parameters": {},
                "thumbnail": "https://dek8oqj8xxsl6.cloudfront.net/img/love/symbols/love_heart.svg"
            }
        ]
    }
]