[
    [
        {
            "productTitle": "Business Card Slim",
            "title": "front",
            "thumbnail": "https://fancyproductdesigner.com/wp-content/uploads/fpd_imports/product_20/Bildschirmfoto-2018-02-11-um-22.21.01.png",
            "options": {
                "stageWidth": 1100,
                "stageHeight": 800
            },
            "elements": [
                {
                    "title": "Base",
                    "source": "https://fancyproductdesigner.com/wp-content/uploads/fpd_imports/product_20/BC-base-2.png",
                    "type": "image",
                    "parameters": {
                        "left": 550,
                        "top": 400,
                        "originX": "center",
                        "originY": "center",
                        "z": -1,
                        "fill": false,
                        "colorLinkGroup": false,
                        "draggable": false,
                        "rotatable": false,
                        "resizable": false,
                        "removable": false,
                        "flipX": false,
                        "flipY": false,
                        "zChangeable": false,
                        "scaleX": 1,
                        "scaleY": 1,
                        "lockUniScaling": false,
                        "uniScalingUnlockable": false,
                        "angle": 0,
                        "price": 0,
                        "autoCenter": false,
                        "replaceInAllViews": false,
                        "autoSelect": false,
                        "topped": false,
                        "boundingBoxMode": "inside",
                        "opacity": 1,
                        "excludeFromExport": false,
                        "locked": false,
                        "showInColorSelection": false,
                        "boundingBox": "",
                        "resizeToW": "0",
                        "resizeToH": "0",
                        "scaleMode": "fit",
                        "minScaleLimit": 0.01,
                        "advancedEditing": false,
                        "uploadZone": false,
                        "uploadZoneMovable": false,
                        "customAdds": []
                    }
                },
                {
                    "title": "background",
                    "source": "https://fancyproductdesigner.com/wp-content/uploads/fpd_imports/product_20/background.png",
                    "type": "image",
                    "parameters": {
                        "left": 550,
                        "top": 400,
                        "originX": "center",
                        "originY": "center",
                        "z": -1,
                        "fill": false,
                        "colors": "#000000, #ff0000, #008080, #0000ff, #800080",
                        "colorLinkGroup": false,
                        "draggable": true,
                        "rotatable": true,
                        "resizable": true,
                        "removable": true,
                        "flipX": false,
                        "flipY": false,
                        "zChangeable": false,
                        "scaleX": 1,
                        "scaleY": 1,
                        "lockUniScaling": false,
                        "uniScalingUnlockable": false,
                        "angle": 0,
                        "price": 0,
                        "autoCenter": false,
                        "replaceInAllViews": false,
                        "autoSelect": false,
                        "topped": false,
                        "boundingBoxMode": "clipping",
                        "opacity": 1,
                        "excludeFromExport": false,
                        "locked": false,
                        "showInColorSelection": false,
                        "boundingBox": "",
                        "resizeToW": "0",
                        "resizeToH": "0",
                        "scaleMode": "fit",
                        "minScaleLimit": 0.01,
                        "advancedEditing": false,
                        "uploadZone": false,
                        "uploadZoneMovable": false,
                        "customAdds": []
                    }
                },
                {
                    "title": "COMPANY NAME",
                    "source": "COMPANY NAME",
                    "type": "text",
                    "parameters": {
                        "left": 550,
                        "top": 400,
                        "originX": "center",
                        "originY": "center",
                        "z": -1,
                        "fill": "#ffffff",
                        "colors": "#000000",
                        "colorLinkGroup": false,
                        "draggable": true,
                        "rotatable": true,
                        "resizable": true,
                        "removable": true,
                        "flipX": false,
                        "flipY": false,
                        "zChangeable": false,
                        "scaleX": 1,
                        "scaleY": 1,
                        "lockUniScaling": true,
                        "uniScalingUnlockable": false,
                        "angle": 0,
                        "price": 0,
                        "autoCenter": false,
                        "replaceInAllViews": false,
                        "autoSelect": false,
                        "topped": false,
                        "boundingBoxMode": "clipping",
                        "opacity": 1,
                        "excludeFromExport": false,
                        "locked": false,
                        "showInColorSelection": false,
                        "boundingBox": "Base",
                        "fontFamily": "Aller",
                        "fontSize": 98,
                        "editable": true,
                        "lineHeight": 1,
                        "textDecoration": "normal",
                        "maxLength": 0,
                        "fontWeight": "normal",
                        "fontStyle": "normal",
                        "textAlign": "left",
                        "curvable": false,
                        "curved": false,
                        "curveSpacing": 10,
                        "curveRadius": 80,
                        "curveReverse": false,
                        "stroke": "#ffffff",
                        "strokeWidth": 0,
                        "maxLines": 0,
                        "letterSpacing": 0,
                        "chargeAfterEditing": false,
                        "minFontSize": 1,
                        "maxFontSize": 1000,
                        "textTransform": "none",
                        "widthFontSize": 0,
                        "textBox": false,
                        "shadowBlur": 0,
                        "shadowOffsetX": 0,
                        "shadowOffsetY": 0
                    }
                }
            ]
        },
        {
            "title": "back",
            "thumbnail": "https://fancyproductdesigner.com/wp-content/uploads/fpd_imports/product_20/Bildschirmfoto-2018-02-11-um-22.21.13.png",
            "options": {
                "stageWidth": 1100,
                "stageHeight": 800
            },
            "elements": [
                {
                    "title": "Base",
                    "source": "https://fancyproductdesigner.com/wp-content/uploads/fpd_imports/product_20/BC-base-2.png",
                    "type": "image",
                    "parameters": {
                        "left": 550,
                        "top": 400,
                        "originX": "center",
                        "originY": "center",
                        "z": -1,
                        "fill": false,
                        "colorLinkGroup": false,
                        "draggable": false,
                        "rotatable": false,
                        "resizable": false,
                        "removable": false,
                        "zChangeable": false,
                        "scaleX": 1,
                        "scaleY": 1,
                        "lockUniScaling": false,
                        "uniScalingUnlockable": false,
                        "angle": 0,
                        "price": 0,
                        "autoCenter": false,
                        "replaceInAllViews": false,
                        "autoSelect": false,
                        "topped": false,
                        "boundingBoxMode": "inside",
                        "opacity": 1,
                        "excludeFromExport": false,
                        "locked": false,
                        "showInColorSelection": false,
                        "boundingBox": "0",
                        "resizeToW": "0",
                        "resizeToH": "0",
                        "filter": false,
                        "scaleMode": "fit",
                        "minScaleLimit": 0.01,
                        "advancedEditing": false,
                        "uploadZone": false,
                        "customAdds": []
                    }
                },
                {
                    "title": "YOURNAME",
                    "source": "YOUR NAME",
                    "type": "text",
                    "parameters": {
                        "left": 534,
                        "top": 401,
                        "originX": "right",
                        "originY": "center",
                        "z": -1,
                        "fill": "#000000",
                        "colorLinkGroup": false,
                        "draggable": true,
                        "rotatable": true,
                        "resizable": true,
                        "removable": true,
                        "zChangeable": false,
                        "scaleX": 1,
                        "scaleY": 1,
                        "lockUniScaling": true,
                        "uniScalingUnlockable": false,
                        "angle": 0,
                        "price": 0,
                        "autoCenter": false,
                        "replaceInAllViews": false,
                        "autoSelect": false,
                        "topped": false,
                        "boundingBoxMode": "clipping",
                        "opacity": 1,
                        "excludeFromExport": false,
                        "locked": false,
                        "showInColorSelection": false,
                        "boundingBox": "Base",
                        "fontFamily": "ABeeZee",
                        "fontSize": 39,
                        "editable": true,
                        "lineHeight": 1,
                        "textDecoration": "normal",
                        "maxLength": 0,
                        "fontWeight": "bold",
                        "fontStyle": "normal",
                        "textAlign": "right",
                        "curvable": false,
                        "curved": false,
                        "curveSpacing": 10,
                        "curveRadius": 80,
                        "curveReverse": false,
                        "stroke": "0",
                        "strokeWidth": 0,
                        "maxLines": 0,
                        "letterSpacing": 0,
                        "chargeAfterEditing": false,
                        "minFontSize": 1,
                        "maxFontSize": 1000,
                        "textTransform": "none",
                        "widthFontSize": 0,
                        "textBox": false,
                        "shadowBlur": 0,
                        "shadowOffsetX": 0,
                        "shadowOffsetY": 0
                    }
                },
                {
                    "title": "Line",
                    "source": "https://fancyproductdesigner.com/wp-content/uploads/fpd_imports/product_20/line.png",
                    "type": "image",
                    "parameters": {
                        "left": 550,
                        "top": 400,
                        "originX": "center",
                        "originY": "center",
                        "z": -1,
                        "fill": false,
                        "colorLinkGroup": false,
                        "draggable": true,
                        "rotatable": true,
                        "resizable": true,
                        "removable": true,
                        "zChangeable": false,
                        "scaleX": 1,
                        "scaleY": 1,
                        "lockUniScaling": false,
                        "uniScalingUnlockable": false,
                        "angle": 0,
                        "price": 0,
                        "autoCenter": false,
                        "replaceInAllViews": false,
                        "autoSelect": false,
                        "topped": false,
                        "boundingBoxMode": "clipping",
                        "opacity": 1,
                        "excludeFromExport": false,
                        "locked": true,
                        "showInColorSelection": false,
                        "boundingBox": "Base",
                        "resizeToW": "0",
                        "resizeToH": "0",
                        "filter": false,
                        "scaleMode": "fit",
                        "minScaleLimit": 0.01,
                        "advancedEditing": false,
                        "uploadZone": false,
                        "customAdds": []
                    }
                },
                {
                    "title": "PHONE NUMBER COMPANY NAMEEMAIL ADDRESS",
                    "source": "PHONE NUMBER COMPANY NAME EMAIL ADDRESS",
                    "type": "text",
                    "parameters": {
                        "left": 567,
                        "top": 399,
                        "originX": "left",
                        "originY": "center",
                        "z": -1,
                        "fill": "#000000",
                        "colorLinkGroup": false,
                        "draggable": true,
                        "rotatable": true,
                        "resizable": true,
                        "removable": true,
                        "zChangeable": false,
                        "scaleX": 1,
                        "scaleY": 1,
                        "lockUniScaling": true,
                        "uniScalingUnlockable": false,
                        "angle": 0,
                        "price": 0,
                        "autoCenter": false,
                        "replaceInAllViews": false,
                        "autoSelect": false,
                        "topped": false,
                        "boundingBoxMode": "clipping",
                        "opacity": 1,
                        "excludeFromExport": false,
                        "locked": false,
                        "showInColorSelection": false,
                        "boundingBox": "Base",
                        "fontFamily": "ABeeZee",
                        "fontSize": 16,
                        "editable": true,
                        "lineHeight": 1,
                        "textDecoration": "normal",
                        "maxLength": 0,
                        "fontWeight": "normal",
                        "fontStyle": "normal",
                        "textAlign": "left",
                        "curvable": false,
                        "curved": false,
                        "curveSpacing": 10,
                        "curveRadius": 80,
                        "curveReverse": false,
                        "stroke": "0",
                        "strokeWidth": 0,
                        "maxLines": 0,
                        "letterSpacing": 0,
                        "chargeAfterEditing": false,
                        "minFontSize": 1,
                        "maxFontSize": 1000,
                        "textTransform": "none",
                        "widthFontSize": 0,
                        "textBox": false,
                        "shadowBlur": 0,
                        "shadowOffsetX": 0,
                        "shadowOffsetY": 0
                    }
                },
                {
                    "title": "frame",
                    "source": "https://fancyproductdesigner.com/wp-content/uploads/fpd_imports/product_20/frame.png",
                    "type": "image",
                    "parameters": {
                        "left": 549,
                        "top": 400,
                        "originX": "center",
                        "originY": "center",
                        "z": -1,
                        "fill": false,
                        "colorLinkGroup": false,
                        "draggable": true,
                        "rotatable": true,
                        "resizable": true,
                        "removable": true,
                        "zChangeable": false,
                        "scaleX": 0.96,
                        "scaleY": 0.93,
                        "lockUniScaling": false,
                        "uniScalingUnlockable": false,
                        "angle": 0,
                        "price": 0,
                        "autoCenter": false,
                        "replaceInAllViews": false,
                        "autoSelect": false,
                        "topped": false,
                        "boundingBoxMode": "clipping",
                        "opacity": 1,
                        "excludeFromExport": false,
                        "locked": true,
                        "showInColorSelection": false,
                        "boundingBox": "Base",
                        "resizeToW": "0",
                        "resizeToH": "0",
                        "filter": false,
                        "scaleMode": "fit",
                        "minScaleLimit": 0.01,
                        "advancedEditing": false,
                        "uploadZone": false,
                        "customAdds": []
                    }
                }
            ]
        }
    ]
]