[
    {
        "category": "Men",
        "products": [
            [
                {
                    "productThumbnail": "https://d3g7hp6owqj5vv.cloudfront.net/templates_library/shirts_men_standard/preview_men_standard_front-1.png",
                    "productTitle": "Men Standard",
                    "product_id": 9,
                    "title": "Front",
                    "thumbnail": "https://d3g7hp6owqj5vv.cloudfront.net/templates_library/shirts_men_standard/preview_men_standard_front-1.png",
                    "mask": {},
                    "options": {
                        "stageWidth": 600,
                        "stageHeight": 660,
                        "printingBox": {
                            "left": 178,
                            "top": 139,
                            "width": 243,
                            "height": 404,
                            "visibility": false
                        },
                        "usePrintingBoxAsBounding": "yes",
                        "output": {
                            "width": 240,
                            "height": 400,
                            "bleed": 0
                        },
                        "customAdds": {
                            "uploads": true,
                            "texts": true,
                            "designs": true
                        }
                    },
                    "elements": [
                        {
                            "title": "Base",
                            "source": "https://d3g7hp6owqj5vv.cloudfront.net/templates_library/shirts_men_standard/Tshirt2-Front-Base.svg",
                            "type": "image",
                            "parameters": {
                                "left": 300,
                                "top": 330,
                                "originX": "center",
                                "originY": "center",
                                "z": -1,
                                "fill": "#252525",
                                "colors": "#252525",
                                "colorLinkGroup": "color-shirt",
                                "draggable": 0,
                                "rotatable": 0,
                                "resizable": 0,
                                "removable": 0,
                                "flipX": false,
                                "flipY": false,
                                "zChangeable": 0,
                                "scaleX": 0.7702969091194894,
                                "scaleY": 0.7702969091194894,
                                "uniScalingUnlockable": 0,
                                "angle": 0,
                                "price": 0,
                                "autoCenter": 0,
                                "replaceInAllViews": 0,
                                "autoSelect": 0,
                                "topped": 0,
                                "boundingBoxMode": "none",
                                "opacity": 1,
                                "excludeFromExport": 0,
                                "locked": 0,
                                "showInColorSelection": 0,
                                "boundingBox": 0,
                                "fixed": false,
                                "resizeToW": 0,
                                "resizeToH": 0,
                                "filter": 0,
                                "scaleMode": "fit",
                                "minScaleLimit": 0.01,
                                "advancedEditing": 0,
                                "uploadZone": 0,
                                "uploadZoneMovable": 0,
                                "uploadZoneRemovable": false,
                                "pattern": false
                            }
                        },
                        {
                            "title": "Design Me",
                            "source": "Design Me",
                            "type": "text",
                            "parameters": {
                                "left": 300,
                                "top": 330,
                                "originX": "center",
                                "originY": "center",
                                "z": -1,
                                "fill": "#fff",
                                "colors": ["#fff"],
                                "colorLinkGroup": false,
                                "draggable": 1,
                                "rotatable": 1,
                                "resizable": 1,
                                "removable": 1,
                                "flipX": false,
                                "flipY": false,
                                "zChangeable": 1,
                                "scaleX": 1,
                                "scaleY": 1,
                                "uniScalingUnlockable": 1,
                                "angle": 0,
                                "price": 0,
                                "autoCenter": false,
                                "replaceInAllViews": false,
                                "autoSelect": false,
                                "topped": false,
                                "boundingBoxMode": "clipping",
                                "opacity": 1,
                                "excludeFromExport": false,
                                "locked": false,
                                "showInColorSelection": false,
                                "boundingBox": false,
                                "fixed": false,
                                "fontFamily": "Lobster",
                                "fontSize": 30,
                                "editable": true,
                                "lineHeight": 1,
                                "textDecoration": "normal",
                                "maxLength": 0,
                                "fontWeight": "normal",
                                "fontStyle": "normal",
                                "textAlign": "left",
                                "curvable": 1,
                                "curved": false,
                                "curveSpacing": 10,
                                "curveRadius": 80,
                                "curveReverse": false,
                                "stroke": null,
                                "strokeWidth": 0,
                                "maxLines": 0,
                                "letterSpacing": 0,
                                "chargeAfterEditing": false,
                                "minFontSize": 1,
                                "maxFontSize": 200,
                                "textTransform": "none"
                            }
                        },
                        {
                            "title": "Overlay",
                            "source": "https://d3g7hp6owqj5vv.cloudfront.net/templates_library/shirts_men_standard/Tshirt-Front.png",
                            "type": "image",
                            "parameters": {
                                "left": 301,
                                "top": 331,
                                "originX": "center",
                                "originY": "center",
                                "z": -1,
                                "fill": false,
                                "colors": 0,
                                "colorLinkGroup": 0,
                                "draggable": 0,
                                "rotatable": 0,
                                "resizable": 0,
                                "removable": 0,
                                "flipX": false,
                                "flipY": false,
                                "zChangeable": false,
                                "scaleX": 0.7669183445190156,
                                "scaleY": 0.7669183445190156,
                                "uniScalingUnlockable": 0,
                                "angle": 0,
                                "price": 0,
                                "autoCenter": 0,
                                "replaceInAllViews": 0,
                                "autoSelect": 0,
                                "topped": 1,
                                "boundingBoxMode": "none",
                                "opacity": 1,
                                "excludeFromExport": 1,
                                "locked": 1,
                                "showInColorSelection": 0,
                                "boundingBox": 0,
                                "fixed": false,
                                "resizeToW": 0,
                                "resizeToH": 0,
                                "filter": 0,
                                "scaleMode": "fit",
                                "minScaleLimit": 0.01,
                                "advancedEditing": 0,
                                "uploadZone": 0,
                                "uploadZoneMovable": 0,
                                "uploadZoneRemovable": false,
                                "pattern": false
                            }
                        }
                    ]
                },
                {
                    "title": "Back",
                    "thumbnail": "https://d3g7hp6owqj5vv.cloudfront.net/templates_library/shirts_men_standard/preview_men_standard_back-1.png",
                    "mask": {},
                    "options": {
                        "stageWidth": 600,
                        "stageHeight": 660,
                        "printingBox": {
                            "left": 190,
                            "top": 150,
                            "width": 224,
                            "height": 374,
                            "visibility": false
                        },
                        "usePrintingBoxAsBounding": "yes",
                        "output": {
                            "width": 240,
                            "height": 400,
                            "bleed": 0
                        },
                        "customAdds": {
                            "uploads": true,
                            "texts": true,
                            "designs": true
                        }
                    },
                    "elements": [
                        {
                            "title": "Base",
                            "source": "https://d3g7hp6owqj5vv.cloudfront.net/templates_library/shirts_men_standard/Tshirt2-Back-Base.svg",
                            "type": "image",
                            "parameters": {
                                "left": 300,
                                "top": 330,
                                "originX": "center",
                                "originY": "center",
                                "z": -1,
                                "fill": "#252525",
                                "colors": 1,
                                "colorLinkGroup": "color-shirt",
                                "draggable": 0,
                                "rotatable": 0,
                                "resizable": 0,
                                "removable": 0,
                                "zChangeable": 0,
                                "scaleX": 0.7605120391495467,
                                "scaleY": 0.7605120391495467,
                                "lockUniScaling": false,
                                "uniScalingUnlockable": 0,
                                "angle": 0,
                                "price": 0,
                                "autoCenter": 0,
                                "replaceInAllViews": 0,
                                "autoSelect": 0,
                                "topped": 0,
                                "boundingBoxMode": "none",
                                "opacity": 1,
                                "excludeFromExport": 0,
                                "locked": 0,
                                "showInColorSelection": 0,
                                "boundingBox": 0,
                                "resizeToW": 0,
                                "resizeToH": 0,
                                "filter": 0,
                                "scaleMode": "fit",
                                "minScaleLimit": 0.01,
                                "advancedEditing": 0,
                                "uploadZone": 0,
                                "uploadZoneMovable": 0
                            }
                        },
                        {
                            "title": "Overlay",
                            "source": "https://d3g7hp6owqj5vv.cloudfront.net/templates_library/shirts_men_standard/Tshirt2-Back.png",
                            "type": "image",
                            "parameters": {
                                "left": 300,
                                "top": 330,
                                "originX": "center",
                                "originY": "center",
                                "z": -1,
                                "fill": false,
                                "colors": 0,
                                "colorLinkGroup": 0,
                                "draggable": 0,
                                "rotatable": 0,
                                "resizable": 0,
                                "removable": 0,
                                "zChangeable": false,
                                "scaleX": 0.7629521477015825,
                                "scaleY": 0.7629521477015825,
                                "lockUniScaling": false,
                                "uniScalingUnlockable": 0,
                                "angle": 0,
                                "price": 0,
                                "autoCenter": 0,
                                "replaceInAllViews": 0,
                                "autoSelect": 0,
                                "topped": 1,
                                "boundingBoxMode": "none",
                                "opacity": 1,
                                "excludeFromExport": 1,
                                "locked": 1,
                                "showInColorSelection": 0,
                                "boundingBox": 0,
                                "resizeToW": 0,
                                "resizeToH": 0,
                                "filter": 0,
                                "scaleMode": "fit",
                                "minScaleLimit": 0.01,
                                "advancedEditing": 0,
                                "uploadZone": 0,
                                "uploadZoneMovable": 0
                            }
                        }
                    ]
                }
            ],
            [
                {
                    "productThumbnail": "https://d3g7hp6owqj5vv.cloudfront.net/templates_library/shirts_men_vneck/preview_men_vneck_front.png",
                    "productTitle": "Men V-Neck",
                    "product_id": 10,
                    "title": "Front",
                    "thumbnail": "https://d3g7hp6owqj5vv.cloudfront.net/templates_library/shirts_men_vneck/preview_men_vneck_front.png",
                    "mask": {},
                    "options": {
                        "stageWidth": 600,
                        "stageHeight": 660,
                        "printingBox": {
                            "left": 193,
                            "top": 167,
                            "width": 233,
                            "height": 388,
                            "visibility": false
                        },
                        "usePrintingBoxAsBounding": "yes",
                        "output": {
                            "width": 240,
                            "height": 400,
                            "bleed": 0
                        },
                        "customAdds": {
                            "uploads": true,
                            "texts": true,
                            "designs": true
                        }
                    },
                    "elements": [
                        {
                            "title": "Base",
                            "source": "https://d3g7hp6owqj5vv.cloudfront.net/templates_library/shirts_men_vneck/V-neck-Male-Front.svg",
                            "type": "image",
                            "parameters": {
                                "left": 300,
                                "top": 330,
                                "originX": "center",
                                "originY": "center",
                                "z": -1,
                                "fill": "#252525",
                                "colors": 1,
                                "colorLinkGroup": "color-shirt",
                                "draggable": 0,
                                "rotatable": 0,
                                "resizable": 0,
                                "removable": 0,
                                "zChangeable": 0,
                                "scaleX": 0.7676862607394134,
                                "scaleY": 0.7676862607394134,
                                "lockUniScaling": false,
                                "uniScalingUnlockable": 0,
                                "angle": 0,
                                "price": 0,
                                "autoCenter": 0,
                                "replaceInAllViews": 0,
                                "autoSelect": 0,
                                "topped": 0,
                                "boundingBoxMode": "none",
                                "opacity": 1,
                                "excludeFromExport": 0,
                                "locked": 0,
                                "showInColorSelection": 0,
                                "boundingBox": 0,
                                "resizeToW": 0,
                                "resizeToH": 0,
                                "filter": 0,
                                "scaleMode": "fit",
                                "minScaleLimit": 0.01,
                                "advancedEditing": 0,
                                "uploadZone": 0,
                                "uploadZoneMovable": 0
                            }
                        },
                        {
                            "title": "Overlay",
                            "source": "https://d3g7hp6owqj5vv.cloudfront.net/templates_library/shirts_men_vneck/v-neck-male-Front.png",
                            "type": "image",
                            "parameters": {
                                "left": 301,
                                "top": 330,
                                "originX": "center",
                                "originY": "center",
                                "z": -1,
                                "fill": false,
                                "colors": 0,
                                "colorLinkGroup": 0,
                                "draggable": 0,
                                "rotatable": 0,
                                "resizable": 0,
                                "removable": 0,
                                "zChangeable": false,
                                "scaleX": 0.768520255063766,
                                "scaleY": 0.768520255063766,
                                "lockUniScaling": false,
                                "uniScalingUnlockable": 0,
                                "angle": 0,
                                "price": 0,
                                "autoCenter": 0,
                                "replaceInAllViews": 0,
                                "autoSelect": 0,
                                "topped": 1,
                                "boundingBoxMode": "none",
                                "opacity": 1,
                                "excludeFromExport": 1,
                                "locked": 1,
                                "showInColorSelection": 0,
                                "boundingBox": 0,
                                "resizeToW": 0,
                                "resizeToH": 0,
                                "filter": 0,
                                "scaleMode": "fit",
                                "minScaleLimit": 0.01,
                                "advancedEditing": 0,
                                "uploadZone": 0,
                                "uploadZoneMovable": 0
                            }
                        }
                    ]
                },
                {
                    "title": "Back",
                    "thumbnail": "https://d3g7hp6owqj5vv.cloudfront.net/templates_library/shirts_men_vneck/preview_men_vneck_back.png",
                    "mask": {},
                    "options": {
                        "stageWidth": 600,
                        "stageHeight": 660,
                        "printingBox": {
                            "left": 195,
                            "top": 109,
                            "width": 214,
                            "height": 446,
                            "visibility": false
                        },
                        "usePrintingBoxAsBounding": "yes",
                        "output": {
                            "width": 240,
                            "height": 500,
                            "bleed": 0
                        },
                        "customAdds": {
                            "uploads": true,
                            "texts": true,
                            "designs": true
                        }
                    },
                    "elements": [
                        {
                            "title": "Base",
                            "source": "https://d3g7hp6owqj5vv.cloudfront.net/templates_library/shirts_men_vneck/v-neck-male-Back.svg",
                            "type": "image",
                            "parameters": {
                                "left": 300,
                                "top": 330,
                                "originX": "center",
                                "originY": "center",
                                "z": -1,
                                "fill": "#252525",
                                "colors": 1,
                                "colorLinkGroup": "color-shirt",
                                "draggable": 0,
                                "rotatable": 0,
                                "resizable": 0,
                                "removable": 0,
                                "zChangeable": 0,
                                "scaleX": 0.7693489033587838,
                                "scaleY": 0.7693489033587838,
                                "lockUniScaling": false,
                                "uniScalingUnlockable": 0,
                                "angle": 0,
                                "price": 0,
                                "autoCenter": 0,
                                "replaceInAllViews": 0,
                                "autoSelect": 0,
                                "topped": 0,
                                "boundingBoxMode": "none",
                                "opacity": 1,
                                "excludeFromExport": 0,
                                "locked": 0,
                                "showInColorSelection": 0,
                                "boundingBox": 0,
                                "resizeToW": 0,
                                "resizeToH": 0,
                                "filter": 0,
                                "scaleMode": "fit",
                                "minScaleLimit": 0.01,
                                "advancedEditing": 0,
                                "uploadZone": 0,
                                "uploadZoneMovable": 0
                            }
                        },
                        {
                            "title": "Overlay",
                            "source": "https://d3g7hp6owqj5vv.cloudfront.net/templates_library/shirts_men_vneck/v-neck-male-Back.png",
                            "type": "image",
                            "parameters": {
                                "left": 300,
                                "top": 330,
                                "originX": "center",
                                "originY": "center",
                                "z": -1,
                                "fill": false,
                                "colors": 0,
                                "colorLinkGroup": 0,
                                "draggable": 0,
                                "rotatable": 0,
                                "resizable": 0,
                                "removable": 0,
                                "zChangeable": false,
                                "scaleX": 0.7672736220472441,
                                "scaleY": 0.7672736220472441,
                                "lockUniScaling": false,
                                "uniScalingUnlockable": 0,
                                "angle": 0,
                                "price": 0,
                                "autoCenter": 0,
                                "replaceInAllViews": 0,
                                "autoSelect": 0,
                                "topped": 1,
                                "boundingBoxMode": "none",
                                "opacity": 1,
                                "excludeFromExport": 1,
                                "locked": 1,
                                "showInColorSelection": 0,
                                "boundingBox": 0,
                                "resizeToW": 0,
                                "resizeToH": 0,
                                "filter": 0,
                                "scaleMode": "fit",
                                "minScaleLimit": 0.01,
                                "advancedEditing": 0,
                                "uploadZone": 0,
                                "uploadZoneMovable": 0
                            }
                        }
                    ]
                }
            ]
        ]
    },
    {
        "category": "Women",
        "products": [
            [
                {
                    "productThumbnail": "https://d3g7hp6owqj5vv.cloudfront.net/templates_library/shirts_women_standard/preview_women_standard_shirt_front.png",
                    "productTitle": "Women Standard T-Shirt",
                    "product_id": 11,
                    "title": "Front",
                    "thumbnail": "https://d3g7hp6owqj5vv.cloudfront.net/templates_library/shirts_women_standard/preview_women_standard_shirt_front-1.png",
                    "mask": {},
                    "options": {
                        "stageWidth": 600,
                        "stageHeight": 660,
                        "printingBox": {
                            "left": 207,
                            "top": 136,
                            "width": 194,
                            "height": 437,
                            "visibility": false
                        },
                        "usePrintingBoxAsBounding": "yes",
                        "output": {
                            "width": 200,
                            "height": 450,
                            "bleed": 0
                        },
                        "customAdds": {
                            "uploads": true,
                            "texts": true,
                            "designs": true
                        }
                    },
                    "elements": [
                        {
                            "title": "Base",
                            "source": "https://d3g7hp6owqj5vv.cloudfront.net/templates_library/shirts_women_standard/women-standard-front.svg",
                            "type": "image",
                            "parameters": {
                                "left": 300,
                                "top": 330,
                                "originX": "center",
                                "originY": "center",
                                "z": -1,
                                "fill": "#ffc3d2",
                                "colors": 1,
                                "colorLinkGroup": "shirt-colorlink",
                                "draggable": 0,
                                "rotatable": 0,
                                "resizable": 0,
                                "removable": 0,
                                "zChangeable": 0,
                                "scaleX": 0.76704822436053,
                                "scaleY": 0.76704822436053,
                                "lockUniScaling": false,
                                "uniScalingUnlockable": 0,
                                "angle": 0,
                                "price": 0,
                                "autoCenter": 0,
                                "replaceInAllViews": 0,
                                "autoSelect": 0,
                                "topped": 0,
                                "boundingBoxMode": "none",
                                "opacity": 1,
                                "excludeFromExport": 0,
                                "locked": 0,
                                "showInColorSelection": 0,
                                "boundingBox": 0,
                                "resizeToW": 0,
                                "resizeToH": 0,
                                "filter": 0,
                                "scaleMode": "fit",
                                "minScaleLimit": 0.01,
                                "advancedEditing": 0,
                                "uploadZone": 0,
                                "uploadZoneMovable": 0,
                                "adminLocked": 0
                            }
                        },
                        {
                            "title": "Overlay",
                            "source": "https://d3g7hp6owqj5vv.cloudfront.net/templates_library/shirts_women_standard/women-Standard-Front-1.png",
                            "type": "image",
                            "parameters": {
                                "left": 300,
                                "top": 330,
                                "originX": "center",
                                "originY": "center",
                                "z": -1,
                                "fill": false,
                                "colors": 0,
                                "colorLinkGroup": 0,
                                "draggable": 0,
                                "rotatable": 0,
                                "resizable": 0,
                                "removable": 0,
                                "zChangeable": false,
                                "scaleX": 0.76969311962471,
                                "scaleY": 0.76969311962471,
                                "lockUniScaling": false,
                                "uniScalingUnlockable": 0,
                                "angle": 0,
                                "price": 0,
                                "autoCenter": 0,
                                "replaceInAllViews": 0,
                                "autoSelect": 0,
                                "topped": 1,
                                "boundingBoxMode": "none",
                                "opacity": 1,
                                "excludeFromExport": 1,
                                "locked": 1,
                                "showInColorSelection": 0,
                                "boundingBox": 0,
                                "resizeToW": 0,
                                "resizeToH": 0,
                                "filter": 0,
                                "scaleMode": "fit",
                                "minScaleLimit": 0.01,
                                "advancedEditing": 0,
                                "uploadZone": 0,
                                "uploadZoneMovable": 0,
                                "adminLocked": 0
                            }
                        }
                    ]
                },
                {
                    "title": "Back",
                    "thumbnail": "https://d3g7hp6owqj5vv.cloudfront.net/templates_library/shirts_women_standard/preview_women_standard_shirt_back.png",
                    "mask": {},
                    "options": {
                        "stageWidth": 600,
                        "stageHeight": 660,
                        "printingBox": {
                            "left": 195,
                            "top": 105,
                            "width": 203,
                            "height": 457,
                            "visibility": false
                        },
                        "usePrintingBoxAsBounding": "yes",
                        "output": {
                            "width": 200,
                            "height": 450,
                            "bleed": 0
                        },
                        "customAdds": {
                            "uploads": true,
                            "texts": true,
                            "designs": true
                        }
                    },
                    "elements": [
                        {
                            "title": "Base",
                            "source": "https://d3g7hp6owqj5vv.cloudfront.net/templates_library/shirts_women_standard/women-standard-Back.svg",
                            "type": "image",
                            "parameters": {
                                "left": 300,
                                "top": 330,
                                "originX": "center",
                                "originY": "center",
                                "z": -1,
                                "fill": "#ffc3d2",
                                "colors": 1,
                                "colorLinkGroup": "shirt-colorlink",
                                "draggable": 0,
                                "rotatable": 0,
                                "resizable": 0,
                                "removable": 0,
                                "zChangeable": 0,
                                "scaleX": 0.76139504935557,
                                "scaleY": 0.76139504935557,
                                "lockUniScaling": false,
                                "uniScalingUnlockable": 0,
                                "angle": 0,
                                "price": 0,
                                "autoCenter": 0,
                                "replaceInAllViews": 0,
                                "autoSelect": 0,
                                "topped": 0,
                                "boundingBoxMode": "none",
                                "opacity": 1,
                                "excludeFromExport": 0,
                                "locked": 0,
                                "showInColorSelection": 0,
                                "boundingBox": 0,
                                "resizeToW": 0,
                                "resizeToH": 0,
                                "filter": 0,
                                "scaleMode": "fit",
                                "minScaleLimit": 0.01,
                                "advancedEditing": 0,
                                "uploadZone": 0,
                                "uploadZoneMovable": false
                            }
                        },
                        {
                            "title": "Overlay",
                            "source": "https://d3g7hp6owqj5vv.cloudfront.net/templates_library/shirts_women_standard/women-standard-Back.png",
                            "type": "image",
                            "parameters": {
                                "left": 300,
                                "top": 330,
                                "originX": "center",
                                "originY": "center",
                                "z": -1,
                                "fill": false,
                                "colors": 0,
                                "colorLinkGroup": 0,
                                "draggable": 0,
                                "rotatable": 0,
                                "resizable": 0,
                                "removable": 0,
                                "zChangeable": false,
                                "scaleX": 0.75916858678955,
                                "scaleY": 0.75916858678955,
                                "lockUniScaling": false,
                                "uniScalingUnlockable": 0,
                                "angle": 0,
                                "price": 0,
                                "autoCenter": 0,
                                "replaceInAllViews": 0,
                                "autoSelect": 0,
                                "topped": 1,
                                "boundingBoxMode": "none",
                                "opacity": 1,
                                "excludeFromExport": 1,
                                "locked": 1,
                                "showInColorSelection": 0,
                                "boundingBox": 0,
                                "resizeToW": 0,
                                "resizeToH": 0,
                                "filter": 0,
                                "scaleMode": "fit",
                                "minScaleLimit": 0.01,
                                "advancedEditing": 0,
                                "uploadZone": 0,
                                "uploadZoneMovable": false
                            }
                        }
                    ]
                }
            ],
            [
                {
                    "productThumbnail": "https://d3g7hp6owqj5vv.cloudfront.net/templates_library/shirts_women_long/preview_women_long_shirt_front-1.png",
                    "productTitle": "Women Long T-Shirt",
                    "product_id": 12,
                    "title": "Front",
                    "thumbnail": "https://d3g7hp6owqj5vv.cloudfront.net/templates_library/shirts_women_long/preview_women_long_shirt_front-1.png",
                    "mask": {},
                    "options": {
                        "stageWidth": 600,
                        "stageHeight": 660,
                        "printingBox": {
                            "left": 195,
                            "top": 124,
                            "width": 209,
                            "height": 441,
                            "visibility": false
                        },
                        "usePrintingBoxAsBounding": "yes",
                        "output": {
                            "width": 200,
                            "height": 422,
                            "bleed": 0
                        },
                        "customAdds": {
                            "uploads": true,
                            "texts": true,
                            "designs": true
                        }
                    },
                    "elements": [
                        {
                            "title": "Base",
                            "source": "https://d3g7hp6owqj5vv.cloudfront.net/templates_library/shirts_women_long/women-long-tee-Front.svg",
                            "type": "image",
                            "parameters": {
                                "left": 300,
                                "top": 330,
                                "originX": "center",
                                "originY": "center",
                                "z": -1,
                                "fill": "#ffc3d2",
                                "colors": 1,
                                "colorLinkGroup": "color-shirt",
                                "draggable": 0,
                                "rotatable": 0,
                                "resizable": 0,
                                "removable": 0,
                                "zChangeable": 0,
                                "scaleX": 0.7663576329891,
                                "scaleY": 0.7663576329891,
                                "lockUniScaling": false,
                                "uniScalingUnlockable": 0,
                                "angle": 0,
                                "price": 0,
                                "autoCenter": 0,
                                "replaceInAllViews": 0,
                                "autoSelect": 0,
                                "topped": 0,
                                "boundingBoxMode": "none",
                                "opacity": 1,
                                "excludeFromExport": 0,
                                "locked": 0,
                                "showInColorSelection": 0,
                                "boundingBox": 0,
                                "resizeToW": 0,
                                "resizeToH": 0,
                                "filter": 0,
                                "scaleMode": "fit",
                                "minScaleLimit": 0.01,
                                "advancedEditing": 0,
                                "uploadZone": 0,
                                "uploadZoneMovable": 0
                            }
                        },
                        {
                            "title": "Overlay",
                            "source": "https://d3g7hp6owqj5vv.cloudfront.net/templates_library/shirts_women_long/women-long-tee-Front.png",
                            "type": "image",
                            "parameters": {
                                "left": 300,
                                "top": 330,
                                "originX": "center",
                                "originY": "center",
                                "z": -1,
                                "fill": false,
                                "colors": 0,
                                "colorLinkGroup": 0,
                                "draggable": 0,
                                "rotatable": 0,
                                "resizable": 0,
                                "removable": 0,
                                "zChangeable": false,
                                "scaleX": 0.767494019138756,
                                "scaleY": 0.767494019138756,
                                "lockUniScaling": false,
                                "uniScalingUnlockable": 0,
                                "angle": 0,
                                "price": 0,
                                "autoCenter": 0,
                                "replaceInAllViews": 0,
                                "autoSelect": 0,
                                "topped": 1,
                                "boundingBoxMode": "none",
                                "opacity": 1,
                                "excludeFromExport": 1,
                                "locked": 1,
                                "showInColorSelection": 0,
                                "boundingBox": 0,
                                "resizeToW": 0,
                                "resizeToH": 0,
                                "filter": 0,
                                "scaleMode": "fit",
                                "minScaleLimit": 0.01,
                                "advancedEditing": 0,
                                "uploadZone": 0,
                                "uploadZoneMovable": 0
                            }
                        }
                    ]
                },
                {
                    "title": "Back",
                    "thumbnail": "https://d3g7hp6owqj5vv.cloudfront.net/templates_library/shirts_women_long/preview_women_long_shirt_back-1.png",
                    "mask": {},
                    "options": {
                        "stageWidth": 600,
                        "stageHeight": 660,
                        "printingBox": {
                            "left": 198,
                            "top": 111,
                            "width": 194,
                            "height": 437,
                            "visibility": false
                        },
                        "usePrintingBoxAsBounding": "yes",
                        "output": {
                            "width": 200,
                            "height": 450,
                            "bleed": 0
                        },
                        "customAdds": {
                            "uploads": true,
                            "texts": true,
                            "designs": true
                        }
                    },
                    "elements": [
                        {
                            "title": "Base",
                            "source": "https://d3g7hp6owqj5vv.cloudfront.net/templates_library/shirts_women_long/women-long-tee-Back.svg",
                            "type": "image",
                            "parameters": {
                                "left": 300,
                                "top": 330,
                                "originX": "center",
                                "originY": "center",
                                "z": -1,
                                "fill": "#ffc3d2",
                                "colors": 1,
                                "colorLinkGroup": "color-shirt",
                                "draggable": 0,
                                "rotatable": 0,
                                "resizable": 0,
                                "removable": 0,
                                "zChangeable": 0,
                                "scaleX": 0.7633161638440423,
                                "scaleY": 0.7633161638440423,
                                "lockUniScaling": false,
                                "uniScalingUnlockable": 0,
                                "angle": 0,
                                "price": 0,
                                "autoCenter": 0,
                                "replaceInAllViews": 0,
                                "autoSelect": 0,
                                "topped": 0,
                                "boundingBoxMode": "none",
                                "opacity": 1,
                                "excludeFromExport": 0,
                                "locked": 0,
                                "showInColorSelection": 0,
                                "boundingBox": 0,
                                "resizeToW": 0,
                                "resizeToH": 0,
                                "filter": 0,
                                "scaleMode": "fit",
                                "minScaleLimit": 0.01,
                                "advancedEditing": 0,
                                "uploadZone": 0,
                                "uploadZoneMovable": 0
                            }
                        },
                        {
                            "title": "Overlay",
                            "source": "https://d3g7hp6owqj5vv.cloudfront.net/templates_library/shirts_women_long/women-long-Tee-Back.png",
                            "type": "image",
                            "parameters": {
                                "left": 299,
                                "top": 330,
                                "originX": "center",
                                "originY": "center",
                                "z": -1,
                                "fill": false,
                                "colors": 0,
                                "colorLinkGroup": 0,
                                "draggable": 0,
                                "rotatable": 0,
                                "resizable": 0,
                                "removable": 0,
                                "zChangeable": false,
                                "scaleX": 0.7651071139854486,
                                "scaleY": 0.7651071139854486,
                                "lockUniScaling": false,
                                "uniScalingUnlockable": 0,
                                "angle": 0,
                                "price": 0,
                                "autoCenter": 0,
                                "replaceInAllViews": 0,
                                "autoSelect": 0,
                                "topped": 1,
                                "boundingBoxMode": "none",
                                "opacity": 1,
                                "excludeFromExport": 1,
                                "locked": 1,
                                "showInColorSelection": 0,
                                "boundingBox": 0,
                                "resizeToW": 0,
                                "resizeToH": 0,
                                "filter": 0,
                                "scaleMode": "fit",
                                "minScaleLimit": 0.01,
                                "advancedEditing": 0,
                                "uploadZone": 0,
                                "uploadZoneMovable": 0
                            }
                        }
                    ]
                }
            ]
        ]
    }
]