[
    [
        {
            "productThumbnail": "https://d3g7hp6owqj5vv.cloudfront.net/templates_library/shirts_men_standard/preview_men_standard_front-1.png",
            "productTitle": "Men Standard",
            "product_id": 9,
            "title": "Front",
            "thumbnail": "https://d3g7hp6owqj5vv.cloudfront.net/templates_library/shirts_men_standard/preview_men_standard_front-1.png",
            "mask": {},
            "options": {
                "stageWidth": "600",
                "stageHeight": "660",
                "printingBox": {
                    "left": 178,
                    "top": 139,
                    "width": 243,
                    "height": 404,
                    "visibility": false
                },
                "usePrintingBoxAsBounding": "yes",
                "output": {
                    "width": 240,
                    "height": 400,
                    "bleed": 0
                },
                "customAdds": {
                    "uploads": true,
                    "texts": true,
                    "designs": true
                }
            },
            "elements": [
                {
                    "title": "Base",
                    "source": "https://d3g7hp6owqj5vv.cloudfront.net/templates_library/shirts_men_standard/Tshirt2-Front-Base.svg",
                    "type": "image",
                    "parameters": {
                        "left": 300,
                        "top": 330,
                        "originX": "center",
                        "originY": "center",
                        "z": -1,
                        "fill": "#252525",
                        "colorLinkGroup": "color-shirt",
                        "draggable": 0,
                        "rotatable": 0,
                        "resizable": 0,
                        "removable": 0,
                        "flipX": false,
                        "flipY": false,
                        "zChangeable": 0,
                        "scaleX": 0.7702969091194894,
                        "scaleY": 0.7702969091194894,
                        "uniScalingUnlockable": 0,
                        "angle": 0,
                        "price": 0,
                        "autoCenter": 0,
                        "replaceInAllViews": 0,
                        "autoSelect": 0,
                        "topped": 0,
                        "boundingBoxMode": "none",
                        "opacity": 1,
                        "excludeFromExport": 0,
                        "locked": 0,
                        "showInColorSelection": 0,
                        "boundingBox": 0,
                        "fixed": false,
                        "resizeToW": 0,
                        "resizeToH": 0,
                        "filter": 0,
                        "scaleMode": "fit",
                        "minScaleLimit": 0.01,
                        "advancedEditing": 0,
                        "uploadZone": 0,
                        "uploadZoneMovable": 0,
                        "uploadZoneRemovable": false,
                        "pattern": false
                    }
                },
                {
                    "title": "Design Me",
                    "source": "Design Me",
                    "type": "text",
                    "parameters": {
                        "left": 300,
                        "top": 330,
                        "originX": "center",
                        "originY": "center",
                        "z": -1,
                        "fill": "#ffffff",
                        "colors": "#FFF",
                        "colorLinkGroup": false,
                        "draggable": 1,
                        "rotatable": 1,
                        "resizable": 1,
                        "removable": 1,
                        "flipX": false,
                        "flipY": false,
                        "zChangeable": 1,
                        "scaleX": 1,
                        "scaleY": 1,
                        "uniScalingUnlockable": 1,
                        "angle": 0,
                        "price": 0,
                        "autoCenter": false,
                        "replaceInAllViews": false,
                        "autoSelect": false,
                        "topped": false,
                        "boundingBoxMode": "clipping",
                        "opacity": 1,
                        "excludeFromExport": false,
                        "locked": false,
                        "showInColorSelection": false,
                        "boundingBox": false,
                        "fixed": false,
                        "fontFamily": "Abel",
                        "fontSize": 18,
                        "editable": true,
                        "lineHeight": 1,
                        "textDecoration": "normal",
                        "maxLength": 0,
                        "fontWeight": "normal",
                        "fontStyle": "normal",
                        "textAlign": "left",
                        "curvable": 1,
                        "curved": false,
                        "curveSpacing": 10,
                        "curveRadius": 80,
                        "curveReverse": false,
                        "stroke": null,
                        "strokeWidth": 0,
                        "maxLines": 0,
                        "letterSpacing": 0,
                        "chargeAfterEditing": false,
                        "minFontSize": 1,
                        "maxFontSize": 200,
                        "textTransform": "none",
                        "widthFontSize": 0,
                        "textBox": false,
                        "width": 70.4443359375,
                        "shadowBlur": 0,
                        "shadowOffsetX": 0,
                        "shadowOffsetY": 0
                    }
                },
                {
                    "title": "Overlay",
                    "source": "https://d3g7hp6owqj5vv.cloudfront.net/templates_library/shirts_men_standard/Tshirt-Front.png",
                    "type": "image",
                    "parameters": {
                        "left": 301,
                        "top": 331,
                        "originX": "center",
                        "originY": "center",
                        "z": -1,
                        "fill": false,
                        "colors": 0,
                        "colorLinkGroup": 0,
                        "draggable": 0,
                        "rotatable": 0,
                        "resizable": 0,
                        "removable": 0,
                        "flipX": false,
                        "flipY": false,
                        "zChangeable": false,
                        "scaleX": 0.7669183445190156,
                        "scaleY": 0.7669183445190156,
                        "uniScalingUnlockable": 0,
                        "angle": 0,
                        "price": 0,
                        "autoCenter": 0,
                        "replaceInAllViews": 0,
                        "autoSelect": 0,
                        "topped": 1,
                        "boundingBoxMode": "none",
                        "opacity": 1,
                        "excludeFromExport": 1,
                        "locked": 1,
                        "showInColorSelection": 0,
                        "boundingBox": 0,
                        "fixed": false,
                        "resizeToW": 0,
                        "resizeToH": 0,
                        "filter": 0,
                        "scaleMode": "fit",
                        "minScaleLimit": 0.01,
                        "advancedEditing": 0,
                        "uploadZone": 0,
                        "uploadZoneMovable": 0,
                        "uploadZoneRemovable": false,
                        "pattern": false
                    }
                }
            ]
        },
        {
            "title": "Back",
            "thumbnail": "https://d3g7hp6owqj5vv.cloudfront.net/templates_library/shirts_men_standard/preview_men_standard_back-1.png",
            "mask": {},
            "options": {
                "stageWidth": "600",
                "stageHeight": "660",
                "printingBox": {
                    "left": 190,
                    "top": 150,
                    "width": 224,
                    "height": 374,
                    "visibility": false
                },
                "usePrintingBoxAsBounding": "yes",
                "output": {
                    "width": 240,
                    "height": 400,
                    "bleed": 0
                },
                "customAdds": {
                    "uploads": true,
                    "texts": true,
                    "designs": true
                }
            },
            "elements": [
                {
                    "title": "Base",
                    "source": "https://d3g7hp6owqj5vv.cloudfront.net/templates_library/shirts_men_standard/Tshirt2-Back-Base.svg",
                    "type": "image",
                    "parameters": {
                        "left": 300,
                        "top": 330,
                        "originX": "center",
                        "originY": "center",
                        "z": -1,
                        "fill": "#252525",
                        "colors": 1,
                        "colorLinkGroup": "color-shirt",
                        "draggable": 0,
                        "rotatable": 0,
                        "resizable": 0,
                        "removable": 0,
                        "zChangeable": 0,
                        "scaleX": 0.7605120391495467,
                        "scaleY": 0.7605120391495467,
                        "lockUniScaling": false,
                        "uniScalingUnlockable": 0,
                        "angle": 0,
                        "price": 0,
                        "autoCenter": 0,
                        "replaceInAllViews": 0,
                        "autoSelect": 0,
                        "topped": 0,
                        "boundingBoxMode": "none",
                        "opacity": 1,
                        "excludeFromExport": 0,
                        "locked": 0,
                        "showInColorSelection": 0,
                        "boundingBox": 0,
                        "resizeToW": 0,
                        "resizeToH": 0,
                        "filter": 0,
                        "scaleMode": "fit",
                        "minScaleLimit": 0.01,
                        "advancedEditing": 0,
                        "uploadZone": 0,
                        "uploadZoneMovable": 0
                    }
                },
                {
                    "title": "Overlay",
                    "source": "https://d3g7hp6owqj5vv.cloudfront.net/templates_library/shirts_men_standard/Tshirt2-Back.png",
                    "type": "image",
                    "parameters": {
                        "left": 300,
                        "top": 330,
                        "originX": "center",
                        "originY": "center",
                        "z": -1,
                        "fill": false,
                        "colors": 0,
                        "colorLinkGroup": 0,
                        "draggable": 0,
                        "rotatable": 0,
                        "resizable": 0,
                        "removable": 0,
                        "zChangeable": false,
                        "scaleX": 0.7629521477015825,
                        "scaleY": 0.7629521477015825,
                        "lockUniScaling": false,
                        "uniScalingUnlockable": 0,
                        "angle": 0,
                        "price": 0,
                        "autoCenter": 0,
                        "replaceInAllViews": 0,
                        "autoSelect": 0,
                        "topped": 1,
                        "boundingBoxMode": "none",
                        "opacity": 1,
                        "excludeFromExport": 1,
                        "locked": 1,
                        "showInColorSelection": 0,
                        "boundingBox": 0,
                        "resizeToW": 0,
                        "resizeToH": 0,
                        "filter": 0,
                        "scaleMode": "fit",
                        "minScaleLimit": 0.01,
                        "advancedEditing": 0,
                        "uploadZone": 0,
                        "uploadZoneMovable": 0
                    }
                }
            ]
        }
    ]
]